year_id	date_game	group	variable	seasongame	pts	elo_i	elo	win_equiv	opp_id	opp_pts	game_location	game_result
2014	10/30/2013	W1	1	1	101	1660.6224	1665.2632	56.982845	MEM	94	H	W
2014	11/1/2013	W1	2	2	91	1665.2632	1671.4948	57.533707	LAL	85	A	W
2014	11/2/2013	W1	3	3	105	1671.4948	1656.1182	56.162014	POR	115	A	L
2014	11/5/2013	W1	4	4	102	1656.1182	1665.9697	57.045654	DEN	94	A	W
2014	11/6/2013	W1	5	5	99	1665.9697	1666.994	57.136547	PHO	96	H	W
2014	11/8/2013	W1	6	6	76	1666.994	1669.3708	57.346741	GSW	74	H	W
2014	11/10/2013	W1	7	7	120	1669.3708	1690.4374	59.164433	NYK	89	A	W
2014	11/11/2013	W2	1	8	109	1690.4374	1700.7535	60.023903	PHI	85	A	W
2014	11/13/2013	W2	2	9	92	1700.7535	1703.109	60.217243	WAS	79	H	W
2014	11/15/2013	W2	3	10	91	1703.109	1708.1144	60.624474	UTA	82	A	W
2014	11/20/2013	W2	4	11	104	1708.1144	1709.9102	60.769367	BOS	93	H	W
2014	11/22/2013	W2	5	12	102	1709.9102	1723.0765	61.812031	MEM	86	A	W
2014	11/23/2013	W2	6	13	126	1723.0765	1725.0453	61.964939	CLE	96	H	W
2014	11/25/2013	W2	7	14	112	1725.0453	1727.5481	62.158192	NOP	93	H	W
2014	11/27/2013	W3	1	15	88	1727.5481	1720.4573	61.607384	OKC	94	A	L
2014	11/29/2013	W3	2	16	109	1720.4573	1725.4296	61.994694	ORL	91	A	W
2014	11/30/2013	W3	3	17	106	1725.4296	1710.6921	60.83226	HOU	112	H	L
2014	12/2/2013	W3	4	18	102	1710.6921	1711.6464	60.908844	ATL	100	H	W
2014	12/7/2013	W3	5	19	100	1711.6464	1694.1581	59.476788	IND	111	H	L
2014	12/10/2013	W3	6	20	116	1694.1581	1701.8285	60.112274	TOR	103	A	W
2014	12/11/2013	W3	7	21	109	1701.8285	1709.3925	60.727661	MIL	77	A	W
2014	12/13/2013	W4	1	22	117	1709.3925	1711.7289	60.915459	MIN	110	H	W
2014	12/14/2013	W4	2	23	100	1711.7289	1718.5996	61.461399	UTA	84	A	W
2014	12/16/2013	W4	3	24	92	1718.5996	1700.9313	60.038532	LAC	115	A	L
2014	12/18/2013	W4	4	25	108	1700.9313	1706.1635	60.466335	PHO	101	A	W
2014	12/19/2013	W4	5	26	104	1706.1635	1710.394	60.8083	GSW	102	A	W
2014	12/21/2013	W4	6	27	100	1710.394	1693.5754	59.428047	OKC	113	H	L
2014	12/23/2013	W4	7	28	112	1693.5754	1696.9829	59.712151	TOR	99	H	W
2014	12/25/2013	W5	1	29	98	1696.9829	1673.6698	57.724327	HOU	111	H	L
2014	12/26/2013	W5	2	30	116	1673.6698	1682.0376	58.449577	DAL	107	A	W
2014	12/29/2013	W5	3	31	112	1682.0376	1683.4287	58.56889	SAC	104	H	W
2014	12/31/2013	W5	4	32	113	1683.4287	1686.2432	58.809158	BRK	92	H	W
2014	1/2/2014	W5	5	33	101	1686.2432	1670.3389	57.432056	NYK	105	H	L
2014	1/4/2014	W5	6	34	116	1670.3389	1680.7344	58.337479	LAC	92	H	W
2014	1/7/2014	W5	7	35	110	1680.7344	1684.6248	58.671177	MEM	108	A	W
2014	1/8/2014	W6	1	36	112	1684.6248	1690.3159	59.15419	DAL	90	H	W
2014	1/12/2014	W6	2	37	104	1690.3159	1695.8612	59.618874	MIN	86	H	W
2014	1/13/2014	W6	3	38	101	1695.8612	1700.0681	59.967438	NOP	95	A	W
2014	1/15/2014	W6	4	39	109	1700.0681	1701.207	60.061211	UTA	105	H	W
2014	1/17/2014	W6	5	40	100	1701.207	1683.4791	58.573204	POR	109	H	L
2014	1/19/2014	W6	6	41	110	1683.4791	1685.3768	58.735359	MIL	82	H	W
2014	1/22/2014	W6	7	42	105	1685.3768	1675.0912	57.848431	OKC	111	H	L
2014	1/24/2014	W7	1	43	105	1675.0912	1689.8574	59.115505	ATL	79	A	W
2014	1/26/2014	W7	2	44	101	1689.8574	1680.4775	58.31535	MIA	113	A	L
2014	1/28/2014	W7	3	45	90	1680.4775	1672.3097	57.605228	HOU	97	A	L
2014	1/29/2014	W7	4	46	86	1672.3097	1649.4464	55.554104	CHI	96	H	L
2014	2/1/2014	W7	5	47	95	1649.4464	1650.3912	55.640648	SAC	93	H	W
2014	2/3/2014	W7	6	48	102	1650.3912	1656.0001	56.151321	NOP	95	A	W
2014	2/5/2014	W7	7	49	125	1656.0001	1663.7863	56.851273	WAS	118	A	W
2014	2/6/2014	W8	1	50	89	1663.7863	1647.5524	55.380165	BRK	103	A	L
2014	2/8/2014	W8	2	51	104	1647.5524	1651.7234	55.762417	CHA	100	A	W
2014	2/10/2014	W8	3	52	100	1651.7234	1636.5557	54.358749	DET	109	A	L
2014	2/12/2014	W8	4	53	104	1636.5557	1643.6108	55.0163	BOS	92	A	W
2014	2/18/2014	W8	5	54	113	1643.6108	1658.4204	56.370026	LAC	103	A	W
2014	2/19/2014	W8	6	55	111	1658.4204	1663.853	56.857231	POR	109	A	W
2014	2/21/2014	W8	7	56	85	1663.853	1646.7025	55.301926	PHO	106	A	L
2014	2/26/2014	W9	1	57	120	1646.7025	1648.5199	55.469093	DET	110	H	W
2014	2/28/2014	W9	2	58	92	1648.5199	1651.6145	55.752476	CHA	82	H	W
2014	3/2/2014	W9	3	59	112	1651.6145	1655.1172	56.071289	DAL	106	H	W
2014	3/4/2014	W9	4	60	122	1655.1172	1664.7313	56.935509	CLE	101	A	W
2014	3/6/2014	W9	5	61	111	1664.7313	1679.6151	58.240952	MIA	87	H	W
2014	3/8/2014	W9	6	62	121	1679.6151	1680.6416	58.329487	ORL	112	H	W
2014	3/11/2014	W9	7	63	104	1680.6416	1689.2179	59.061481	CHI	96	A	W
2014	3/12/2014	W10	1	64	103	1689.2179	1694.4495	59.501137	POR	90	H	W
2014	3/14/2014	W10	2	65	119	1694.4495	1697.0396	59.716854	LAL	85	H	W
2014	3/16/2014	W10	3	66	122	1697.0396	1699.0616	59.884361	UTA	104	H	W
2014	3/19/2014	W10	4	67	125	1699.0616	1703.5918	60.256737	LAL	109	A	W
2014	3/21/2014	W10	5	68	99	1703.5918	1711.3486	60.884968	SAC	79	A	W
2014	3/22/2014	W10	6	69	99	1711.3486	1721.3378	61.676331	GSW	90	A	W
2014	3/24/2014	W10	7	70	113	1721.3378	1721.887	61.719257	PHI	91	H	W
2014	3/26/2014	W11	1	71	108	1721.887	1723.0415	61.809303	DEN	103	H	W
2014	3/28/2014	W11	2	72	133	1723.0415	1733.697	62.627567	DEN	102	A	W
2014	3/29/2014	W11	3	73	96	1733.697	1735.9595	62.798332	NOP	80	H	W
2014	3/31/2014	W11	4	74	103	1735.9595	1751.056	63.91087	IND	77	A	W
2014	4/2/2014	W11	5	75	111	1751.056	1756.6329	64.309982	GSW	90	H	W
2014	4/3/2014	W11	6	76	94	1756.6329	1744.7916	63.454903	OKC	106	A	L
2014	4/6/2014	W11	7	77	112	1744.7916	1750.2845	63.855152	MEM	92	H	W
2014	4/8/2014	W12	1	78	91	1750.2845	1727.2765	62.137283	MIN	110	A	L
2014	4/10/2014	W12	2	79	109	1727.2765	1736.6794	62.852451	DAL	100	A	W
2014	4/11/2014	W12	3	80	112	1736.6794	1739.6177	63.07222	PHO	104	H	W
2014	4/14/2014	W12	4	81	98	1739.6177	1731.8835	62.489941	HOU	104	A	L
2014	4/16/2014	W12	5	82	100	1731.8835	1694.7902	59.529583	LAL	113	H	L
2014	4/20/2014	W12	6	83	90	1694.7902	1697.9264	59.790417	DAL	85	H	W
2014	4/23/2014	W12	7	84	92	1697.9264	1667.8624	57.213463	DAL	113	H	L
2014	4/26/2014	W13	1	85	108	1667.8624	1664.7753	56.939423	DAL	109	A	L
2014	4/28/2014	W13	2	86	93	1664.7753	1672.9231	57.658985	DAL	89	A	W
2014	4/30/2014	W13	3	87	109	1672.9231	1677.183	58.030396	DAL	103	H	W
2014	5/2/2014	W13	4	88	111	1677.183	1673.1973	57.682987	DAL	113	A	L
2014	5/4/2014	W13	5	89	119	1673.1973	1683.1252	58.542892	DAL	96	H	W
2014	5/6/2014	W13	6	90	116	1683.1252	1692.0524	59.300339	POR	92	H	W
2014	5/8/2014	W13	7	91	114	1692.0524	1698.4807	59.836319	POR	97	H	W
2014	5/10/2014	W14	1	92	118	1698.4807	1711.8763	60.927273	POR	103	A	W
2014	5/12/2014	W14	2	93	92	1711.8763	1699.7001	59.937084	POR	103	A	L
2014	5/14/2014	W14	3	94	104	1699.7001	1706.8145	60.519188	POR	82	H	W
2014	5/19/2014	W14	4	95	122	1706.8145	1715.5247	61.218235	OKC	105	H	W
2014	5/21/2014	W14	5	96	112	1715.5247	1728.9457	62.265553	OKC	77	H	W
2014	5/25/2014	W14	6	97	97	1728.9457	1720.274	61.593014	OKC	106	A	L
2014	5/27/2014	W14	7	98	92	1720.274	1710.0858	60.783504	OKC	105	A	L
2014	5/29/2014	W15	1	99	117	1710.0858	1722.0852	61.734737	OKC	89	H	W
2014	5/31/2014	W15	2	100	112	1722.0852	1730.303	62.369438	OKC	107	A	W
2014	6/5/2014	W15	3	101	110	1730.303	1736.1064	62.809387	MIA	95	H	W
2014	6/8/2014	W15	4	102	96	1736.1064	1727.2903	62.138344	MIA	98	H	L
2014	6/10/2014	W15	5	103	111	1727.2903	1743.9166	63.390572	MIA	92	A	W
2014	6/12/2014	W15	6	104	107	1743.9166	1759.6785	64.525223	MIA	86	A	W
2014	6/15/2014	W15	7	105	104	1759.6785	1764.3367	64.850739	MIA	87	H	W
